Designator,Footprint,Quantity,Value,LCSC Part #
"C1, C10, C17, C21, C37, C41, C47, C48, C5, C6, C7, C8",C0402_NEW,12,100nF,
"C11, C25, C26, C3, C43, C44, C46, C50, C51, C53, C9",C0402,11,1uF,
"C12, C32, C4, C54, C55, C56, C57",C0402,7,10uF,
"C13, C14, C15, C33, C34, C35",CAP-SMD_L3.5-W2.8,6,100uF,
"C16, C36",C0402,2,10nF,
"C18, C19, C20, C38, C39, C40",CAP-SMD_L3.2-W1.6-RD-C7171,6,10uF ,
C2,C1206,1,47uF,
C22,C0402_NEW,1,16V 100nF X7R ±10% 0402,
"C23, C24",CAP-SMD_L7.3-W4.3-L-FD,2,100uF,
"C27, C28",C0402,2,25V 1uF X5R ±10% 0402,
"C29, C30",C0603,2,15nF,
C31,CAP-SMD_L3.5-W2.8,1,100uF 6.3V Tantal 3528,
"C42, C45, C49, C52",C0805,4,10uF,
"CN1, CN5, CN7, CN8, CN9",CONN-TH_B2B-XH-A-LF-SN,5,B2B-XH-A(LF)(SN),
"CN10, CN11, CN2, CN4, CN6",CONN-TH_B3B-PH-K-S,5,B3B-PH-K-S(LF)(SN),
CN3,CONN-TH_0430450400,1,0430450400,
"D1, D10, D11, D15, D17, D6",SOT-363_L2.0-W1.3-P0.65-LS2.1-BR,6,SMF05CT1G,
"D12, D13, D14, D4, D7",SMA_L4.3-W2.7-LS5.1-BI,5,SMAJ14CA,
"D16, D18, D8, D9",LL-34_L3.5-W1.5-RD,4,ZMM3V3,
D2,SOT-23-3_L3.0-W1.7-P0.95-LS2.9-BR,1,PSM712-LF-T7,
"D3, D5",SMA_L4.2-W2.6-LS5.3-RD,2,SS14,
F1,F1812,1,33V 750mA Fuse,
"JP1, JP2",SolderJumper-3_P1.3mm_Bridged12_Pad1.0x1.5mm_NumberLabels,2,SolderJumper_3_Bridged12,
"L1, L12, L13, L14, L15, L16, L3, L4",L0603,8,600Ω 200mA,
"L10, L6",IND-SMD_L7.3-W6.6,2, 3A 22uH ±20% 107mΩ,
"L11, L17, L18, L19, L2, L5, L7, L8, L9",L0805,9,100Ω 800mA,
"LED1, LED10, LED6, LED8, LED9",LED0603-R-RD,5,Green LED 0603,
"LED2, LED3, LED4",LED0603-R-RD,3,Red LED 0603,
"Q1, Q2",SOT-23-3_L2.9-W1.3-P1.90-LS2.4-BR,2,SS8050_C2150,
Q3,SOP-8_L4.9-W3.9-P1.27-LS6.0-BL,1,AO4407,
"Q4, Q5, Q6, Q7",SOT-23-3_L2.9-W1.6-P1.90-LS2.8-BR,4,AO3400A,
"R1, R2, R28, R29, R3, R30, R31, R5",R0402,8,10kΩ 0402 50V,
"R10, R18",R0402,2,56kΩ,
R11,R0402,1,33kΩ,
"R12, R20, R27, R37, R40, R43",R0402,6,10kΩ,
"R13, R21, R23, R26, R33, R36, R39, R42, R6",R0402,9,1kΩ 0402 50V,
"R14, R15, R22, R32, R44",R0402,5,100Ω 0402 50V,
"R16, R17",R0402,2,150kΩ 0402 50V,
R19,R0402,1,18kΩ,
R24,R0402,1,2.2kΩ 0402 50V,
"R25, R35, R38, R41",R0402,4,100Ω,
R4,R0402,1,4.7kΩ 0402 50V,
"R7, R9",R0402,2,0Ω,
R8,R0402,1,120Ω ,
"TP1, TP2, TP3, TP5, TP6",TestPoint_Loop_D2.50mm_Drill1.0mm_LowProfile,5,TestPoint,
U1,WIFIM-SMD_38P-L25.5-W18.0-P1.27,1,ESP32-SOLO-1,
"U10, U8",SOT-89-3_L4.5-W2.5-P1.50-LS4.2-BR,2,HT7550,
U11,CONN-TH_B4B-XH-A-LF-SN,1,B4B-XH-A(LF)(SN),
U2,WQFN-28_L5.0-W5.0-P0.50-BL-EP3.2,1,CP2102-GMR,
U3,SOT-223-3_L6.5-W3.4-P2.30-LS7.0-BR,1,AMS1117-3.3,
U4,SOIC-8_L4.9-W3.9-P1.27-LS6.0-BL,1,SN65HVD230DR,
"U5, U7",ESOP-8_L4.9-W3.9-P1.27-LS6.0-TL-EP,2,TPS5430DDAR,
U6,MSOP-8_L3.0-W3.0-P0.65-LS5.0-BL,1,PAM8303DBSC,
U9,SOIC-8_L5.0-W4.0-P1.27-LS6.0-BL,1,LM358DR2G,
USB1,MICRO-USB-SMD_10118193-0001LF,1,10118193-0001LF,
