"Ref","Qnty","Value","Cmp name","Footprint","Description","JLC Part","LCSC Part"
"C1, C5, C6, C7, C8, C10, C17, C21, C37, C41, C47, C48, ","12","100nF","16V 100nF X7R ±10% 0402","easyeda2kicad:C0402_NEW","","Basic Part","C1525"
"C2, ","1","47uF","10V 47uF X5R ±20% 1206","easyeda2kicad:C1206","","Basic Part","C96123"
"C3, C9, C11, C25, C26, C43, C44, C46, C50, C51, C53, ","11","1uF","25V 1uF X5R ±10% 0402","easyeda2kicad:C0402","","Basic Part","C52923"
"C4, C12, C32, C54, C55, C56, C57, ","7","10uF"," 6.3V 10uF X5R ±20% 0402","easyeda2kicad:C0402","","Basic Part","C15525"
"C13, C14, C15, C33, C34, C35, ","6","100uF","100uF 6.3V Tantal 3528","easyeda2kicad:CAP-SMD_L3.5-W2.8","","Basic Part","C16133"
"C16, C36, ","2","10nF","50V 10nF X7R ±10% 0402","easyeda2kicad:C0402","","Basic Part","C15195"
"C18, C19, C20, C38, C39, C40, ","6","10uF ","10uF 16V Tantal 3216","easyeda2kicad:CAP-SMD_L3.2-W1.6-RD-C7171","","Basic Part","C7171"
"C22, ","1","16V 100nF X7R ±10% 0402","16V 100nF X7R ±10% 0402","easyeda2kicad:C0402_NEW","","Basic Part","C1525"
"C23, C24, ","2","100uF","100uF 16V ","easyeda2kicad:CAP-SMD_L7.3-W4.3-L-FD","","Extended Part","C308887"
"C27, C28, ","2","25V 1uF X5R ±10% 0402","25V 1uF X5R ±10% 0402","easyeda2kicad:C0402","","Basic Part","C52923"
"C29, C30, ","2","15nF"," 50V 15nF X7R ±10% 0603","easyeda2kicad:C0603","","Basic Part","C1596"
"C31, ","1","100uF 6.3V Tantal 3528","100uF 6.3V Tantal 3528","easyeda2kicad:CAP-SMD_L3.5-W2.8","","Basic Part","C16133"
"C42, C45, C49, C52, ","4","10uF","25V 10uF X5R ±10% 0805","easyeda2kicad:C0805","","Basic Part","C15850"
"CN1, CN5, CN7, CN8, CN9, ","5","B2B-XH-A(LF)(SN)","B2B-XH-A(LF)(SN)","easyeda2kicad:CONN-TH_B2B-XH-A-LF-SN","","Extended Part","C158012"
"CN2, CN4, CN6, CN10, CN11, ","5","B3B-PH-K-S(LF)(SN)","B3B-PH-K-S(LF)(SN)","easyeda2kicad:CONN-TH_B3B-PH-K-S","","Extended Part","C131339"
"CN3, ","1","0430450400","0430450400","easyeda2kicad:CONN-TH_0430450400","","Extended Part","C122413"
"D1, D6, D10, D11, D15, D17, ","6","SMF05CT1G","SMF05CT1G","easyeda2kicad:SOT-363_L2.0-W1.3-P0.65-LS2.1-BR","","Basic Part","C15879"
"D2, ","1","PSM712-LF-T7","PSM712-LF-T7","easyeda2kicad:SOT-23-3_L3.0-W1.7-P0.95-LS2.9-BR","","Basic Part","C32677"
"D3, D5, ","2","SS14","SS14","easyeda2kicad:SMA_L4.2-W2.6-LS5.3-RD","","Basic Part","C2480"
"D4, D7, D12, D13, D14, ","5","SMAJ14CA","SMAJ14CA_C364287","easyeda2kicad:SMA_L4.3-W2.7-LS5.1-BI","","Extended Part","C364287"
"D8, D9, D16, D18, ","4","ZMM3V3","ZMM3V3","easyeda2kicad:LL-34_L3.5-W1.5-RD","","Basic Part","C8056"
"F1, ","1","33V 750mA Fuse","33V 750mA Fuse","easyeda2kicad:F1812","","Extended Part","C20997"
"JP1, JP2, ","2","SolderJumper_3_Bridged12","SolderJumper_3_Bridged12","Jumper:SolderJumper-3_P1.3mm_Bridged12_Pad1.0x1.5mm_NumberLabels","3-pole Solder Jumper, pins 1+2 closed/bridged","",""
"L1, L3, L4, L12, L13, L14, L15, L16, ","8","600Ω 200mA","600Ω 200mA","easyeda2kicad:L0603","","Basic Part","C1002"
"L2, L5, L7, L8, L9, L11, L17, L18, L19, ","9","100Ω 800mA","100Ω 800mA","easyeda2kicad:L0805","","Basic Part","C1015"
"L6, L10, ","2"," 3A 22uH ±20% 107mΩ"," 3A 22uH ±20% 107mΩ","easyeda2kicad:IND-SMD_L7.3-W6.6","","Extended Part","C718397"
"LED1, LED6, LED8, LED9, LED10, ","5","Green LED 0603","Green LED 0603","easyeda2kicad:LED0603-R-RD","","Basic Part","C72043"
"LED2, LED3, LED4, ","3","Red LED 0603","Red LED 0603","easyeda2kicad:LED0603-R-RD","","Basic Part","C2286"
"Q1, Q2, ","2","SS8050_C2150","SS8050_C2150","easyeda2kicad:SOT-23-3_L2.9-W1.3-P1.90-LS2.4-BR","","Basic Part","C2150"
"Q3, ","1","AO4407","AO4407C","easyeda2kicad:SOP-8_L4.9-W3.9-P1.27-LS6.0-BL","","Extended Part","C5224298"
"Q4, Q5, Q6, Q7, ","4","AO3400A","AO3400A","easyeda2kicad:SOT-23-3_L2.9-W1.6-P1.90-LS2.8-BR","","Basic Part","C20917"
"R1, R2, R3, R5, R28, R29, R30, R31, ","8","10kΩ 0402 50V","10kΩ 0402 50V","easyeda2kicad:R0402","","Basic Part","C25744"
"R4, ","1","4.7kΩ 0402 50V","4.7kΩ 0402 50V","easyeda2kicad:R0402","","Basic Part","C25900"
"R6, R13, R21, R23, R26, R33, R36, R39, R42, ","9","1kΩ 0402 50V","1kΩ 0402 50V","easyeda2kicad:R0402","","Basic Part","C11702"
"R7, R9, ","2","0Ω","0Ω 0402 50V","easyeda2kicad:R0402","","Basic Part","C17168"
"R8, ","1","120Ω ","120Ω 0402 50V","easyeda2kicad:R0402","","Basic Part","C25079"
"R10, R18, ","2","56kΩ","56kΩ 0402 50V","easyeda2kicad:R0402","","Basic Part","C25796"
"R11, ","1","33kΩ","33kΩ 0402 50V","easyeda2kicad:R0402","","Basic Part","C25779"
"R12, R20, R27, R37, R40, R43, ","6","10kΩ","10kΩ 0402 50V","easyeda2kicad:R0402","","Basic Part","C25744"
"R14, R15, R22, R32, R44, ","5","100Ω 0402 50V","100Ω 0402 50V","easyeda2kicad:R0402","","Basic Part","C25076"
"R16, R17, ","2","150kΩ 0402 50V","150kΩ 0402 50V","easyeda2kicad:R0402","","Basic Part","C25755"
"R19, ","1","18kΩ","18kΩ 0402 50V","easyeda2kicad:R0402","","Basic Part","C25762"
"R24, ","1","2.2kΩ 0402 50V","2.2kΩ 0402 50V","easyeda2kicad:R0402","","Basic Part","C25879"
"R25, R35, R38, R41, ","4","100Ω","100Ω 0402 50V","easyeda2kicad:R0402","","Basic Part","C25076"
"TP1, TP2, TP3, TP5, TP6, ","5","TestPoint","TestPoint","TestPoint:TestPoint_Loop_D2.50mm_Drill1.0mm_LowProfile","test point","",""
"U1, ","1","ESP32-SOLO-1","ESP32-SOLO-1","easyeda2kicad:WIFIM-SMD_38P-L25.5-W18.0-P1.27","","Extended Part","C473005"
"U2, ","1","CP2102-GMR","CP2102-GMR","easyeda2kicad:WQFN-28_L5.0-W5.0-P0.50-BL-EP3.2","","Basic Part","C6568"
"U3, ","1","AMS1117-3.3","AMS1117-3.3","easyeda2kicad:SOT-223-3_L6.5-W3.4-P2.30-LS7.0-BR","","Basic Part","C6186"
"U4, ","1","SN65HVD230DR","SN65HVD230DR","easyeda2kicad:SOIC-8_L4.9-W3.9-P1.27-LS6.0-BL","","Basic Part","C12084"
"U5, U7, ","2","TPS5430DDAR","TPS5430DDAR","easyeda2kicad:ESOP-8_L4.9-W3.9-P1.27-LS6.0-TL-EP","","Basic Part","C9864"
"U6, ","1","PAM8303DBSC","PAM8303DBSC","easyeda2kicad:MSOP-8_L3.0-W3.0-P0.65-LS5.0-BL","","Extended Part","C56211"
"U8, U10, ","2","HT7550","HT7550-1_C16106","easyeda2kicad:SOT-89-3_L4.5-W2.5-P1.50-LS4.2-BR","","Basic Part","C16106"
"U9, ","1","LM358DR2G","LM358DR2G","easyeda2kicad:SOIC-8_L5.0-W4.0-P1.27-LS6.0-BL","","Basic Part","C7950"
"U11, ","1","B4B-XH-A(LF)(SN)","B4B-XH-A(LF)(SN)","easyeda2kicad:CONN-TH_B4B-XH-A-LF-SN","","Extended Part","C144395"
"USB1, ","1","10118193-0001LF","10118193-0001LF","easyeda2kicad:MICRO-USB-SMD_10118193-0001LF","","Extended Part","C132562"
